name,pos,team,proj,fp_proj_4pt,rescore_delta
Josh Allen,QB,BUF,415.7,372.2,43.5
Drake Maye,QB,NE,373.1,326.9,46.2
Lamar Jackson,QB,BAL,371.6,325.0,46.6
Joe Burrow,QB,CIN,366.1,310.9,55.2
Jayden Daniels,QB,WAS,363.1,325.5,37.6
Jalen Hurts,QB,PHI,361.8,320.6,41.2
Dak Prescott,QB,DAL,356.4,306.1,50.3
Matthew Stafford,QB,LAR,353.3,294.0,59.3
Brock Purdy,QB,SF,348.4,307.4,41.0
Patrick Mahomes II,QB,KC,346.8,303.6,43.2
Jaxson Dart,QB,NYG,345.4,311.8,33.6
Trevor Lawrence,QB,JAX,344.1,304.0,40.1
Caleb Williams,QB,CHI,343.6,298.7,44.9
Justin Herbert,QB,LAC,340.9,300.2,40.7
Jared Goff,QB,DET,340.8,287.4,53.4
Bo Nix,QB,DEN,340.3,297.9,42.4
Jahmyr Gibbs,RB,DET,336.9,337.2,-0.3
Bijan Robinson,RB,ATL,332.4,332.2,0.2
Baker Mayfield,QB,TB,322.0,282.5,39.5
Tyler Shough,QB,NO,318.8,286.4,32.4
Kyler Murray,QB,MIN,313.3,280.3,33.0
Jordan Love,QB,GB,310.6,267.7,42.9
Daniel Jones,QB,IND,310.1,274.5,35.6
Sam Darnold,QB,SEA,307.9,266.4,41.5
C.J. Stroud,QB,HOU,296.2,260.7,35.5
Christian McCaffrey,RB,SF,295.6,295.7,-0.1
Malik Willis,QB,MIA,292.5,269.7,22.8
Jonathan Taylor,RB,IND,290.3,289.9,0.4
Puka Nacua,WR,LAR,281.3,281.3,0.0
Bryce Young,QB,CAR,280.4,249.0,31.4
Ja'Marr Chase,WR,CIN,275.3,275.4,-0.1
Jaxon Smith-Njigba,WR,SEA,268.9,268.6,0.3
Derrick Henry,RB,BAL,264.2,264.2,0.0
Geno Smith,QB,NYJ,262.0,233.2,28.8
Jacoby Brissett,QB,ARI,261.4,232.4,29.0
Cam Ward,QB,TEN,261.3,232.2,29.1
Amon-Ra St. Brown,WR,DET,261.0,261.1,-0.1
De'Von Achane,RB,MIA,259.5,259.3,0.2
Aaron Rodgers,QB,PIT,258.9,224.5,34.4
James Cook III,RB,BUF,253.5,253.5,0.0
Ashton Jeanty,RB,LV,247.1,247.5,-0.4
Chase Brown,RB,CIN,246.9,247.1,-0.2
Saquon Barkley,RB,PHI,244.9,245.1,-0.2
Josh Jacobs,RB,GB,239.0,239.1,-0.1
Drake London,WR,ATL,238.1,238.3,-0.2
Omarion Hampton,RB,LAC,238.1,237.7,0.4
Breece Hall,RB,NYJ,229.5,229.8,-0.3
Kenneth Walker III,RB,KC,228.3,228.7,-0.4
Jeremiyah Love,RB,ARI,228.0,228.1,-0.1
Rashee Rice,WR,KC,224.2,224.0,0.2
CeeDee Lamb,WR,DAL,223.9,224.2,-0.3
Kyren Williams,RB,LAR,223.4,223.2,0.2
Cam Skattebo,RB,NYG,221.3,221.5,-0.2
Justin Jefferson,WR,MIN,220.3,220.3,0.0
Javonte Williams,RB,DAL,217.8,217.4,0.4
Fernando Mendoza,QB,LV,213.7,193.1,20.6
A.J. Brown,WR,NE,212.8,213.1,-0.3
George Pickens,WR,DAL,210.8,210.8,0.0
Chris Olave,WR,NO,210.5,210.6,-0.1
Travis Etienne Jr.,RB,NO,209.7,209.6,0.1
Nico Collins,WR,HOU,207.3,207.2,0.1
D'Andre Swift,RB,CHI,205.3,205.3,0.0
Bucky Irving,RB,TB,204.2,204.0,0.2
Zay Flowers,WR,BAL,202.8,202.8,0.0
Trey McBride,TE,ARI,200.0,199.8,0.2
Brock Bowers,TE,LV,195.4,195.5,-0.1
Quinshon Judkins,RB,CLE,194.3,194.5,-0.2
Garrett Wilson,WR,NYJ,194.1,194.0,0.1
Malik Nabers,WR,NYG,194.0,194.3,-0.3
Bhayshul Tuten,RB,JAX,193.4,193.8,-0.4
DeVonta Smith,WR,PHI,192.8,192.9,-0.1
Emeka Egbuka,WR,TB,191.6,191.8,-0.2
Tetairoa McMillan,WR,CAR,188.5,188.7,-0.2
Tua Tagovailoa,QB,ATL,187.8,164.5,23.3
Davante Adams,WR,LAR,187.7,187.8,-0.1
Tee Higgins,WR,CIN,186.1,186.1,0.0
Jameson Williams,WR,DET,185.1,185.1,0.0
TreVeyon Henderson,RB,NE,182.8,182.7,0.1
Rome Odunze,WR,CHI,177.9,178.1,-0.2
Jadarian Price,RB,SEA,176.9,176.6,0.3
David Montgomery,RB,HOU,176.4,176.8,-0.4
Terry McLaurin,WR,WAS,176.0,176.1,-0.1
Tony Pollard,RB,TEN,175.4,175.0,0.4
Alec Pierce,WR,IND,175.3,175.5,-0.2
Ladd McConkey,WR,LAC,174.0,174.1,-0.1
Jaylen Warren,RB,PIT,173.5,173.7,-0.2
DJ Moore,WR,BUF,173.5,173.3,0.2
Jaylen Waddle,WR,DEN,172.4,172.5,-0.1
Rico Dowdle,RB,PIT,172.2,171.7,0.5
Luther Burden III,WR,CHI,171.7,171.8,-0.1
Colston Loveland,TE,CHI,170.5,170.3,0.2
Mike Evans,WR,SF,170.4,170.2,0.2
Courtland Sutton,WR,DEN,169.6,169.7,-0.1
Chuba Hubbard,RB,CAR,168.1,168.2,-0.1
Rhamondre Stevenson,RB,NE,167.1,167.5,-0.4
Marvin Harrison Jr.,WR,ARI,163.6,163.7,-0.1
DK Metcalf,WR,PIT,162.8,162.7,0.1
Christian Watson,WR,GB,162.7,162.8,-0.1
J.K. Dobbins,RB,DEN,162.2,161.8,0.4
Tyler Warren,TE,IND,160.5,160.7,-0.2
Kyle Pitts Sr.,TE,ATL,155.9,155.9,0.0
RJ Harvey,RB,DEN,154.3,154.6,-0.3
Brian Thomas Jr.,WR,JAX,151.5,151.8,-0.3
Michael Pittman Jr.,WR,PIT,150.0,149.7,0.3
Harold Fannin Jr.,TE,CLE,149.8,149.7,0.1
Parker Washington,WR,JAX,148.6,148.4,0.2
Sam LaPorta,TE,DET,148.6,148.4,0.2
Jakobi Meyers,WR,JAX,148.6,148.4,0.2
Rachaad White,RB,WAS,148.0,147.8,0.2
Carnell Tate,WR,TEN,148.0,148.2,-0.2
Aaron Jones Sr.,RB,MIN,147.7,147.6,0.1
Wan'Dale Robinson,WR,TEN,147.4,147.4,0.0
Dallas Goedert,TE,PHI,146.9,146.6,0.3
Tucker Kraft,TE,GB,145.2,145.2,0.0
Kyle Monangai,RB,CHI,144.6,144.5,0.1
Jayden Reed,WR,GB,144.6,144.9,-0.3
Deebo Samuel Sr.,WR,SF,144.4,144.0,0.4
Travis Kelce,TE,KC,144.1,144.4,-0.3
Kenny Gainwell,RB,TB,143.5,143.4,0.1
Shedeur Sanders,QB,CLE,143.1,131.8,11.3
Michael Wilson,WR,ARI,143.1,142.9,0.2
Quentin Johnston,WR,LAC,143.0,143.0,0.0
Chris Godwin Jr.,WR,TB,142.0,141.9,0.1
Jordan Addison,WR,MIN,141.5,141.3,0.2
Jordyn Tyson,WR,NO,140.8,140.9,-0.1
Stefon Diggs,WR,WAS,140.7,140.7,0.0
Xavier Worthy,WR,KC,139.9,139.7,0.2
Jacory Croskey-Merritt,RB,WAS,138.5,138.0,0.5
George Kittle,TE,SF,138.5,138.6,-0.1
Josh Downs,WR,IND,136.3,136.4,-0.1
Khalil Shakir,WR,BUF,135.2,135.6,-0.4
Isaiah Likely,TE,NYG,134.1,133.9,0.2
Mark Andrews,TE,BAL,134.0,134.0,0.0
Makai Lemon,WR,PHI,133.9,134.0,-0.1
Romeo Doubs,WR,NE,132.5,132.5,0.0
Rashid Shaheed,WR,SEA,132.3,131.7,0.6
Dalton Kincaid,TE,BUF,131.3,131.2,0.1
Jonathon Brooks,RB,CAR,131.2,131.4,-0.2
Jordan Mason,RB,MIN,131.1,131.3,-0.2
Blake Corum,RB,LAR,130.6,130.6,0.0
Jake Ferguson,TE,DAL,130.3,130.5,-0.2
John Metchie III,WR,CAR,130.0,130.4,-0.4
Matthew Golden,WR,GB,129.6,129.4,0.2
Calvin Ridley,WR,TEN,128.3,128.4,-0.1
Hunter Henry,TE,NE,125.5,125.5,0.0
Jalen Coker,WR,CAR,124.7,124.6,0.1
Juwan Johnson,TE,NO,122.2,121.9,0.3
Theo Wease Jr.,WR,MIA,121.4,121.4,0.0
Brenton Strange,TE,JAX,121.2,121.4,-0.2
Deshaun Watson,QB,CLE,117.5,108.0,9.5
Tre Tucker,WR,LV,117.5,116.9,0.6
Tank Dell,WR,HOU,116.1,116.3,-0.2
Dalton Schultz,TE,HOU,115.8,115.7,0.1
Jerry Jeudy,WR,CLE,115.4,115.1,0.3
KC Concepcion,WR,CLE,115.2,115.4,-0.2
Rashod Bateman,WR,BAL,114.4,114.3,0.1
Alvin Kamara,RB,NO,114.1,113.9,0.2
Tyjae Spears,RB,TEN,113.5,113.4,0.1
Jayden Higgins,WR,HOU,113.3,113.3,0.0
Zach Charbonnet,RB,SEA,113.1,113.2,-0.1
Woody Marks,RB,HOU,112.8,112.3,0.5
Jalen McMillan,WR,TB,110.3,110.6,-0.3
Jauan Jennings,WR,MIN,109.9,109.6,0.3
T.J. Hockenson,TE,MIN,108.8,108.7,0.1
Jalen Nailor,WR,LV,108.2,108.5,-0.3
Pat Freiermuth,TE,PIT,107.7,107.4,0.3
De'Zhaun Stribling,WR,SF,106.5,106.4,0.1
Tyrone Tracy Jr.,RB,NYG,106.5,106.7,-0.2
Greg Dulcich,TE,MIA,106.1,106.2,-0.1
Isiah Pacheco,RB,DET,105.3,105.4,-0.1
Kenyon Sadiq,TE,NYJ,104.6,104.5,0.1
Adonai Mitchell,WR,NYJ,103.6,103.8,-0.2
Antonio Williams,WR,WAS,103.3,103.2,0.1
Cade Otton,TE,TB,101.8,101.7,0.1
Cooper Kupp,WR,SEA,101.2,101.4,-0.2
AJ Barner,TE,SEA,100.3,100.1,0.2
Denzel Boston,WR,CLE,99.9,99.8,0.1
Justice Hill,RB,BAL,98.7,98.8,-0.1
Chig Okonkwo,TE,WAS,97.8,97.9,-0.1
Omar Cooper Jr.,WR,NYJ,97.5,97.3,0.2
Oronde Gadsden II,TE,LAC,96.7,96.7,0.0
Terrance Ferguson,TE,LAR,96.6,96.7,-0.1
Germie Bernard,WR,PIT,95.5,95.8,-0.3
Michael Penix Jr.,QB,ATL,94.3,83.6,10.7
Chris Rodriguez Jr.,RB,JAX,92.3,92.1,0.2
Mike Gesicki,TE,CIN,91.4,91.2,0.2
Travis Hunter,WR,JAX,91.1,90.8,0.3
Xavier Legette,WR,CAR,91.0,90.8,0.2
Evan Engram,TE,DEN,89.9,90.0,-0.1
Ja'Kobi Lane,WR,BAL,89.6,89.7,-0.1
Kayshon Boutte,WR,NE,89.6,89.5,0.1
Brian Robinson Jr.,RB,ATL,89.3,89.7,-0.4
Dylan Sampson,RB,CLE,88.6,88.7,-0.1
Samaje Perine,RB,CIN,87.7,87.4,0.3
Bub Means,WR,NO,87.4,87.4,0.0
Darnell Mooney,WR,NYG,87.2,87.5,-0.3
Tyler Allgeier,RB,ARI,87.1,86.8,0.3
Gunnar Helm,TE,TEN,87.0,87.0,0.0
AJ Dillon,RB,CAR,86.5,86.5,0.0
Malik Washington,WR,MIA,85.2,85.3,-0.1
Jordan James,RB,SF,84.0,83.7,0.3
Ty Johnson,RB,BUF,83.6,83.8,-0.2
Darius Slayton,WR,NYG,83.1,83.2,-0.1
Troy Franklin,WR,DEN,81.4,81.6,-0.2
Tyquan Thornton,WR,KC,80.1,80.0,0.1
Braelon Allen,RB,NYJ,79.8,79.5,0.3
Tory Horton,WR,SEA,79.3,79.0,0.3
Zachariah Branch,WR,ATL,79.3,79.4,-0.1
Christian Kirk,WR,SF,76.9,76.9,0.0
Devaughn Vele,WR,NO,76.5,76.7,-0.2
Mason Taylor,TE,NYJ,75.5,75.4,0.1
Colby Parkinson,TE,LAR,74.8,74.7,0.1
Emari Demercado,RB,KC,74.3,74.4,-0.1
Hollywood Brown,WR,PHI,74.2,73.9,0.3
Andrei Iosivas,WR,CIN,73.5,73.8,-0.3
David Njoku,TE,LAC,73.0,73.1,-0.1
Ryan Flournoy,WR,DAL,72.6,72.4,0.2
Isaac TeSlaa,WR,DET,72.3,72.4,-0.1
Tre' Harris,WR,LAC,72.3,72.2,0.1
Jalen Tolbert,WR,MIA,72.1,71.8,0.3
Chris Bell,WR,MIA,71.4,71.3,0.1
Caleb Douglas,WR,MIA,71.4,71.3,0.1
Michael Mayer,TE,LV,70.1,70.1,0.0
Mike Washington Jr.,RB,LV,69.8,70.1,-0.3
Dyami Brown,WR,WAS,69.6,69.4,0.2
Kaelon Black,RB,SF,68.6,68.6,0.0
Ted Hurst III,WR,TB,68.5,68.3,0.2
Treylon Burks,WR,WAS,66.9,66.8,0.1
Ashton Dulin,WR,IND,66.7,66.5,0.2
Tank Bigsby,RB,PHI,65.9,65.6,0.3
Jack Bech,WR,LV,65.2,65.2,0.0
Keaton Mitchell,RB,LAC,64.7,64.9,-0.2
Dawson Knox,TE,BUF,64.4,64.6,-0.2
Elic Ayomanor,WR,TEN,63.5,63.5,0.0
Theo Johnson,TE,NYG,62.5,62.4,0.1
Malik Davis,RB,DAL,62.4,62.4,0.0
Chimere Dike,WR,TEN,62.1,61.8,0.3
Jahan Dotson,WR,ATL,61.2,60.9,0.3
Adam Randall,RB,BAL,61.1,60.9,0.2
Jaylin Noel,WR,HOU,59.7,59.8,-0.1
Chris Brooks,RB,GB,59.2,59.3,-0.1
Darnell Washington,TE,PIT,59.0,58.6,0.4
MarShawn Lloyd,RB,GB,58.8,58.5,0.3
Pat Bryant,WR,DEN,58.2,58.3,-0.1
Tyler Higbee,TE,LAR,58.1,58.1,0.0
Savion Williams,WR,GB,57.0,57.0,0.0
Joshua Palmer,WR,BUF,56.1,56.3,-0.2
Kimani Vidal,RB,LAC,55.1,55.1,0.0
Luke McCaffrey,WR,WAS,54.4,54.4,0.0
Marvin Mims Jr.,WR,DEN,54.4,54.7,-0.3
Olamide Zaccheaus,WR,ATL,54.3,54.5,-0.2
KaVontae Turpin,WR,DAL,54.1,54.5,-0.4
Kirk Cousins,QB,LV,53.8,47.2,6.6
Dontayvion Wicks,WR,PHI,53.4,53.3,0.1
Ja'Tavion Sanders,TE,CAR,53.1,53.3,-0.2
Cole Kmet,TE,CHI,53.1,53.3,-0.2
James Conner,RB,ARI,52.5,52.5,0.0
Xavier Hutchinson,WR,HOU,52.3,52.4,-0.1
Noah Fant,TE,NO,51.0,50.8,0.2
Tommy Tremble,TE,CAR,50.5,50.3,0.2
DeMario Douglas,WR,NE,50.2,49.9,0.3
Calvin Austin III,WR,NYG,50.0,50.1,-0.1
Keon Coleman,WR,BUF,49.7,49.4,0.3
Jaylin Lane,WR,WAS,49.7,49.4,0.3
Elijah Sarratt,WR,BAL,49.6,49.4,0.2
Nick Westbrook-Ikhine,WR,IND,49.4,49.3,0.1
Will Kacmarek,TE,MIA,48.6,48.6,0.0
Jahdae Walker,WR,CHI,47.7,47.4,0.3
Emanuel Wilson,RB,SEA,47.3,47.4,-0.1
Jaylen Wright,RB,MIA,46.8,47.0,-0.2
Elijah Arroyo,TE,SEA,46.8,46.6,0.2
Erick All Jr.,TE,CIN,45.6,45.8,-0.2
Charlie Kolar,TE,LAC,44.9,45.3,-0.4
Jawhar Jordan,RB,HOU,44.6,44.8,-0.2
Austin Hooper,TE,ATL,44.3,44.4,-0.1
Cedric Tillman,WR,CLE,44.0,43.9,0.1
Demarcus Robinson,WR,SF,43.9,44.0,-0.1
Tutu Atwell,WR,MIA,43.7,43.2,0.5
Kyle Juszczyk,RB,SF,43.2,43.0,0.2
Josh Oliver,TE,MIN,42.9,42.8,0.1
Eli Stowers,TE,PHI,42.4,42.5,-0.1
Jaydon Blue,RB,DAL,42.1,42.1,0.0
Daniel Bellinger,TE,TEN,42.1,42.3,-0.2
Kevin Coleman Jr.,WR,MIA,41.4,41.2,0.2
Brock Wright,TE,DET,41.3,41.3,0.0
Noah Gray,TE,KC,40.4,40.3,0.1
Luke Musgrave,TE,GB,39.2,39.0,0.2
Kendrick Bourne,WR,ARI,39.1,38.9,0.2
Isaiah Davis,RB,NYJ,38.4,38.3,0.1
Jake Tonges,TE,SF,38.3,38.5,-0.2
Adam Trautman,TE,DEN,38.1,37.9,0.2
Kalif Raymond,WR,CHI,37.2,36.9,0.3
George Holani,RB,SEA,37.0,37.1,-0.1
Eli Raridon,TE,NE,36.8,37.1,-0.3
Cyrus Allen,WR,KC,35.8,35.6,0.2
Davis Allen,TE,LAR,35.6,35.4,0.2
Ben Sims,TE,MIA,35.4,35.2,0.2
Skyler Bell,WR,BUF,34.9,35.0,-0.1
LeQuint Allen Jr.,RB,JAX,34.8,34.9,-0.1
Marlin Klein,TE,HOU,34.7,34.7,0.0
Elijah Higgins,TE,ARI,34.2,34.5,-0.3
Sean Tucker,RB,TB,34.2,34.4,-0.2
John Bates,TE,WAS,34.0,34.3,-0.3
Bryce Lance,WR,NO,33.6,33.9,-0.3
Frank Gore Jr.,RB,BUF,33.5,33.5,0.0
Jordan Whittington,WR,LAR,33.3,33.6,-0.3
Roschon Johnson,RB,CHI,32.8,32.8,0.0
Ollie Gordon II,RB,MIA,32.4,32.7,-0.3
Ray Davis,RB,BUF,32.3,32.0,0.3
Jeremy Ruckert,TE,NYJ,32.2,32.0,0.2
Emmett Johnson,RB,KC,32.1,31.9,0.2
Ty Chandler,RB,NO,31.6,31.6,0.0
DJ Giddens,RB,IND,31.5,31.6,-0.1
Mitchell Evans,TE,CAR,30.2,30.2,0.0
Nate Boerkircher,TE,JAX,29.8,29.6,0.2
Devontez Walker,WR,BAL,29.4,29.3,0.1
Connor Heyward,TE,LV,29.3,29.3,0.0
Jonah Coleman,RB,DEN,28.8,28.7,0.1
Zavion Thomas,WR,CHI,28.6,28.7,-0.1
Odell Beckham Jr.,WR,NYG,28.4,28.5,-0.1
Malachi Fields,WR,NYG,27.6,27.4,0.2
Ty Simpson,QB,LAR,27.6,23.4,4.2
Brashard Smith,RB,KC,27.3,27.3,0.0
Nick Vannett,TE,SEA,26.5,26.5,0.0
Carson Beck,QB,ARI,26.5,23.1,3.4
Drew Sample,TE,CIN,26.3,26.2,0.1
Dont'e Thornton Jr.,WR,LV,26.2,26.2,0.0
Ben Sinnott,TE,WAS,25.9,25.7,0.2
Phil Mafah,RB,DAL,25.6,25.6,0.0
Nate Adkins,TE,DEN,25.6,25.8,-0.2
Cade Stover,TE,HOU,25.6,25.5,0.1
Isaiah Bond,WR,CLE,25.5,25.4,0.1
Jackson Hawes,TE,BUF,25.2,25.4,-0.2
Elijah Mitchell,RB,PHI,25.1,25.1,0.0
Jam Miller,RB,NE,25.1,25.1,0.0
Jack Endries,TE,CIN,24.8,24.8,0.0
Zack Kuntz,TE,DAL,24.8,24.8,0.0
J.J. McCarthy,QB,MIN,24.7,22.5,2.2
Konata Mumpfield,WR,LAR,24.6,24.3,0.3
Luke Schoonmaker,TE,DAL,24.2,24.4,-0.2
Will Mallory,TE,IND,24.1,24.1,0.0
Anthony Richardson Sr.,QB,IND,24.0,21.0,3.0
Hayden Rucci,TE,SF,23.8,23.8,0.0
Jeremy McNichols,RB,WAS,23.8,23.8,0.0
Charlie Woerner,TE,ATL,23.6,23.5,0.1
Foster Moreau,TE,HOU,23.0,22.9,0.1
Grant Calcaterra,TE,PHI,23.0,23.1,-0.1
Teagan Quitoriano,TE,ARI,22.9,22.9,0.0
Salvon Ahmed,RB,CHI,22.9,22.9,0.0
Tanner Hudson,TE,CIN,22.8,22.7,0.1
Mack Hollins,WR,NE,22.7,22.6,0.1
Jarquez Hunter,RB,LAR,22.7,22.7,0.0
Israel Abanikanda,RB,DAL,22.6,22.6,0.0
Brenen Thompson,WR,LAC,22.6,22.6,0.0
Tanner Conner,TE,NYG,22.3,22.3,0.0
Dameon Pierce,RB,PHI,22.1,22.1,0.0
Audric Estime,RB,NO,22.1,22.1,0.0
KeAndre Lambert-Smith,WR,LAC,22.1,21.8,0.3
Demond Claiborne,RB,MIN,22.1,22.0,0.1
Will Shipley,RB,PHI,22.0,21.9,0.1
Carlos Washington Jr.,RB,MIA,21.9,21.9,0.0
Donovan Edwards,RB,MIA,21.9,21.9,0.0
Seth McGowan,RB,IND,21.8,21.6,0.2
Mo Alie-Cox,TE,IND,21.7,21.7,0.0
Najee Harris,RB,LAC,21.4,21.4,0.0
Marcus Mariota,QB,WAS,21.3,18.2,3.1
Thomas Fidone II,TE,NYG,21.2,21.2,0.0
Jared Wiley,TE,KC,21.1,21.1,0.0
Hunter Luepke,RB,DAL,20.7,20.7,0.0
Kaytron Allen,RB,WAS,20.0,19.9,0.1
Seydou Traore,TE,MIA,19.3,19.3,0.0
Kyle Williams,WR,NE,19.2,18.8,0.4
Durham Smythe,TE,BAL,18.3,18.7,-0.4
Nicholas Singleton,RB,TEN,18.1,17.5,0.6
Tahj Brooks,RB,CIN,18.1,18.3,-0.2
Tez Johnson,WR,TB,18.0,18.1,-0.1
Jimmy Horn Jr.,WR,CAR,18.0,18.1,-0.1
Devin Neal,RB,NO,18.0,18.0,0.0
Devin Singletary,RB,NYG,17.7,17.7,0.0
Jerome Ford,RB,WAS,17.1,17.1,0.0
Joe Royer,TE,CLE,16.3,16.0,0.3
Mitch Tinsley,WR,CIN,16.3,16.2,0.1
Max Klare,TE,LAR,16.2,16.1,0.1
Riley Leonard,QB,IND,15.5,13.8,1.7
Justin Joly,TE,DEN,15.3,15.0,0.3
Tyler Badie,RB,DEN,15.1,15.1,0.0
Oscar Delp,TE,NO,14.9,15.0,-0.1
Davis Mills,QB,HOU,14.8,12.7,2.1
Devin Culp,TE,TB,14.6,14.7,-0.1
Jalen Royals,WR,KC,14.6,14.8,-0.2
Tanner Koziol,TE,JAX,14.4,14.6,-0.2
Michael Burton,RB,CLE,14.3,13.8,0.5
Sam Roush,TE,CHI,14.1,14.3,-0.2
Payne Durham,TE,TB,14.1,14.4,-0.3
Shane Buechele,QB,BUF,14.0,12.0,2.0
Isaac Guerendo,RB,SF,13.8,13.9,-0.1
Tip Reiman,TE,ARI,13.8,13.8,0.0
Justin Fields,QB,KC,13.6,12.0,1.6
Will Levis,QB,TEN,13.4,11.4,2.0
Ian Thomas,TE,LV,13.2,13.1,0.1
Jarrett Stidham,QB,DEN,13.2,11.3,1.9
Trevor Etienne,RB,CAR,13.1,12.8,0.3
Josh Cuevas,TE,BAL,13.1,13.3,-0.2
Quinn Ewers,QB,MIA,13.1,11.5,1.6
Hunter Long,TE,JAX,13.0,13.0,0.0
Tyson Bagent,QB,CHI,13.0,11.4,1.6
Jameis Winston,QB,NYG,12.9,11.7,1.2
Malik Benson,WR,LV,12.7,12.5,0.2
Anthony Gould,WR,IND,12.6,12.8,-0.2
Tommy DeVito,QB,NE,12.5,10.6,1.9
Andrew Beck,RB,NYJ,12.5,12.5,0.0
Teddy Bridgewater,QB,DET,12.4,11.0,1.4
Greg Dortch,WR,DET,12.4,12.1,0.3
Alec Ingold,RB,LAC,12.2,12.4,-0.2
Tanner McKee,QB,PHI,12.2,10.3,1.9
Sam Howell,QB,DAL,12.1,10.2,1.9
Joe Flacco,QB,CIN,12.0,10.3,1.7
Mac Jones,QB,SF,12.0,10.5,1.5
Jake Browning,QB,TB,11.9,11.3,0.6
Andy Dalton,QB,PHI,11.9,9.9,2.0
Behren Morton,QB,NE,11.8,9.8,2.0
Tyler Huntley,QB,BAL,11.7,10.6,1.1
Chris Oladokun,QB,KC,11.7,9.7,2.0
Nick Mullens,QB,JAX,11.6,9.8,1.8
Trey Lance,QB,LAC,11.5,10.4,1.1
Kenny Pickett,QB,CAR,11.5,10.2,1.3
Tyrod Taylor,QB,GB,11.4,10.9,0.5
Adrian Martinez,QB,SF,11.3,9.3,2.0
Cole Payton,QB,PHI,11.2,9.2,2.0
Garrett Nussmeier,QB,KC,11.2,9.2,2.0
Spencer Rattler,QB,NO,11.1,10.2,0.9
Jalen Milroe,QB,SEA,11.0,9.0,2.0
Gardner Minshew II,QB,ARI,10.8,9.7,1.1
Drew Lock,QB,SEA,10.8,10.0,0.8
Kyle Allen,QB,BUF,10.5,9.1,1.4
Drew Allar,QB,PIT,10.5,9.3,1.2
Lucas Krull,TE,DEN,10.4,10.5,-0.1
Cade Klubnik,QB,NYJ,10.3,9.4,0.9
Bo Melton,WR,GB,10.0,10.0,0.0
Mitchell Trubisky,QB,TEN,9.8,9.0,0.8
Joe Milton III,QB,DAL,9.8,8.5,1.3
Cole Turner,TE,MIA,9.6,9.7,-0.1
Ben Skowronek,WR,PIT,9.0,9.0,0.0
Tyrell Shavers,WR,BUF,9.0,9.0,0.0
Derius Davis,WR,LAC,8.8,8.5,0.3
Adam Prentice,RB,DEN,8.6,8.4,0.2
Malachi Corley,WR,CLE,8.5,8.3,0.2
Connor Heyward,RB,LV,8.4,8.2,0.2
Xavier Smith,WR,LAR,8.0,8.1,-0.1
Luke Farrell,TE,SF,8.0,7.9,0.1
Will Howard,QB,PIT,7.9,6.7,1.2
Colbie Young,WR,CIN,7.9,8.0,-0.1
CJ Daniels,WR,LAR,7.8,7.9,-0.1
Max Bredeson,RB,MIN,7.8,7.4,0.4
Isaiah Williams,WR,NYJ,7.7,8.1,-0.4
CJ Dippre,TE,NE,7.5,7.2,0.3
Tyler Conklin,TE,DET,7.4,7.1,0.3
Brevyn Spann-Ford,TE,DAL,7.4,7.5,-0.1
Jonathan Mingo,WR,DAL,7.3,6.9,0.4
Ko Kieft,TE,TB,7.3,7.2,0.1
Kendre Miller,RB,NO,7.3,7.2,0.1
Darius Cooper,WR,PHI,7.2,6.8,0.4
Drew Ogletree,TE,IND,7.2,6.9,0.3
Eric Saubert,TE,SEA,6.9,6.9,0.0
Justin Watson,WR,HOU,6.9,7.0,-0.1
Barion Brown,WR,NO,6.8,6.7,0.1
Tai Felton,WR,MIN,6.8,6.9,-0.1
Laquon Treadwell,WR,IND,6.6,6.5,0.1
Johnny Mundt,TE,PHI,6.5,6.5,0.0
Brycen Tremayne,WR,CAR,6.5,6.3,0.2
Mason Rudolph,QB,PIT,6.5,5.5,1.0
Riley Nowakowski,RB,PIT,6.3,6.0,0.3
Reggie Virgil,WR,ARI,6.2,6.4,-0.2
Reggie Gilliam,RB,NE,6.2,5.9,0.3
Jack Stoll,TE,CLE,6.0,5.7,0.3
Brady Cook,QB,NYJ,5.4,4.9,0.5
Patrick Ricard,RB,NYG,5.3,5.5,-0.2
Kaden Wetjen,WR,PIT,5.1,4.8,0.3
Kaleb Johnson,RB,PIT,4.8,4.8,0.0
Arian Smith,WR,NYJ,3.6,3.4,0.2
Chris Manhertz,TE,NYG,3.1,3.2,-0.1
British Brooks,RB,HOU,2.4,2.4,0.0
Kameron Johnson,WR,TB,1.8,1.8,0.0
JuJu Smith-Schuster,WR,NYG,1.0,1.2,-0.2
Quintin Morris,TE,JAX,0.0,0.0,0.0
Jelani Woods,TE,NYJ,0.0,0.0,0.0
Blake Whiteheart,TE,CLE,0.0,0.0,0.0
David Moore,WR,CAR,0.0,0.0,0.0
Josh Cameron,WR,JAX,0.0,0.0,0.0
Devin Duvernay,WR,ARI,0.0,0.0,0.0
Josh Johnson,QB,CIN,0.0,0.0,0.0
Stetson Bennett IV,QB,LAR,0.0,0.0,0.0
Aidan O'Connell,QB,LV,0.0,0.0,0.0
Josh Williams,RB,TB,0.0,0.0,0.0
Chris Collier,RB,LV,0.0,0.0,0.0
Dylan Laube,RB,LV,0.0,0.0,0.0
Rasheen Ali,RB,BAL,0.0,0.0,0.0
Zavier Scott,RB,MIN,0.0,0.0,0.0
Jacob Saylors,RB,DET,0.0,0.0,0.0
Trey Benson,RB,ARI,0.0,0.0,0.0
Bam Knight,RB,ARI,0.0,0.0,0.0
Kene Nwangwu,RB,NYJ,0.0,0.0,0.0
DeeJay Dallas,RB,JAX,0.0,0.0,0.0
Braxton Berrios,WR,NYG,0.0,0.0,0.0
Mason Kinsey,WR,TEN,0.0,0.0,0.0
Gage Larvadain,WR,CLE,0.0,0.0,0.0
Michael Bandy,WR,DEN,0.0,0.0,0.0
Skyy Moore,WR,GB,0.0,0.0,0.0
Britain Covey,WR,PHI,0.0,0.0,0.0
Dareke Young,WR,LV,0.0,0.0,0.0
Jacob Cowing,WR,SF,0.0,0.0,0.0
Charlie Jones,WR,CIN,0.0,0.0,0.0
Jalen Brooks,WR,ARI,0.0,0.0,0.0
Nikko Remigio,WR,KC,0.0,0.0,0.0
Jeshaun Jones,WR,MIN,0.0,0.0,0.0
Mason Tipton,WR,NO,0.0,0.0,0.0
Efton Chism III,WR,NE,0.0,0.0,0.0
LaJohntay Wester,WR,BAL,0.0,0.0,0.0
Ke'Shawn Williams,WR,CIN,0.0,0.0,0.0
Myles Price,WR,MIN,0.0,0.0,0.0
Julian Hill,TE,NE,0.0,0.0,0.0
