"Player","Team","REC","YDS","TDS","FL","FPTS"
" ","",""
"Trey McBride","ARI","109.0","1051.0","6.8","0.2","199.8"
"Brock Bowers","LV","96.5","1025.3","7.5","0.2","195.5"
"Colston Loveland","CHI","78.1","916.3","6.7","0.2","170.3"
"Tyler Warren","IND","83.0","871.6","5.4","0.3","160.7"
"Kyle Pitts Sr.","ATL","79.5","881.0","4.7","0.1","155.9"
"Harold Fannin Jr.","CLE","77.7","801.1","5.4","0.8","149.7"
"Sam LaPorta","DET","70.1","810.0","5.5","0.2","148.4"
"Dallas Goedert","PHI","65.5","689.2","7.6","0.2","146.6"
"Tucker Kraft","GB","60.2","770.7","6.4","0.2","145.2"
"Travis Kelce","KC","74.9","784.5","4.8","0.3","144.4"
"George Kittle","SF","64.9","740.2","5.4","0.2","138.6"
"Mark Andrews","BAL","58.7","608.7","7.4","0.3","134.0"
"Isaiah Likely","NYG","62.9","746.5","5.1","1.3","133.9"
"Dalton Kincaid","BUF","57.1","701.6","5.5","0.2","131.2"
"Jake Ferguson","DAL","74.1","606.4","5.9","1.4","130.5"
"Hunter Henry","NE","56.3","651.7","5.4","0.1","125.5"
"Juwan Johnson","NO","64.5","727.0","3.3","1.3","121.9"
"Brenton Strange","JAC","60.0","658.4","4.3","0.2","121.4"
"Dalton Schultz","HOU","65.8","629.5","3.4","0.2","115.7"
"T.J. Hockenson","MIN","63.9","574.1","3.3","0.2","108.7"
"Pat Freiermuth","PIT","53.0","558.3","4.3","0.2","107.4"
"Greg Dulcich","MIA","54.6","620.3","3.2","1.2","106.2"
"Kenyon Sadiq","NYJ","51.1","558.4","4.1","0.7","104.5"
"Cade Otton","TB","55.2","557.9","3.1","0.1","101.7"
"AJ Barner","SEA","48.6","469.6","4.9","0.2","100.1"
"Chig Okonkwo","WAS","52.5","555.4","2.7","0.1","97.9"
"Oronde Gadsden II","LAC","44.2","549.9","3.5","0.7","96.7"
"Terrance Ferguson","LAR","36.3","500.4","4.8","0.2","96.7"
"Mike Gesicki","CIN","44.0","461.5","3.9","0.1","91.2"
"Evan Engram","DEN","53.4","472.2","2.7","0.1","90.0"
"Gunnar Helm","TEN","48.9","443.1","3.1","0.2","87.0"
"Mason Taylor","NYJ","44.5","390.9","2.4","0.1","75.4"
"Colby Parkinson","LAR","34.3","354.4","3.9","0.6","74.7"
"David Njoku","LAC","34.7","324.2","3.9","0.1","73.1"
"Michael Mayer","LV","40.0","377.4","2.1","0.1","70.1"
"Dawson Knox","BUF","28.7","329.0","2.9","0.1","64.6"
"Theo Johnson","NYG","27.6","315.0","2.9","0.1","62.4"
"Darnell Washington","PIT","30.7","328.1","2.0","0.6","58.6"
"Tyler Higbee","LAR","26.1","306.5","2.4","0.0","58.1"
"Cole Kmet","CHI","25.9","271.4","2.2","0.1","53.3"
"Ja'Tavion Sanders","CAR","29.7","264.9","2.0","0.1","53.3"
"Noah Fant","NO","30.8","285.7","1.7","1.6","50.8"
"Tommy Tremble","CAR","26.6","254.0","2.0","0.1","50.3"
"Will Kacmarek","MIA","26.6","251.3","1.9","0.6","48.6"
"Elijah Arroyo","SEA","23.6","240.1","1.9","0.2","46.6"
"Erick All Jr.","CIN","26.6","228.9","1.6","0.1","45.8"
"Charlie Kolar","LAC","20.2","230.0","2.0","0.1","45.3"
"Austin Hooper","ATL","22.5","236.3","1.6","0.1","44.4"
"Josh Oliver","MIN","18.6","193.9","2.4","0.1","42.8"
"Eli Stowers","PHI","22.7","232.5","1.5","0.6","42.5"
"Daniel Bellinger","TEN","19.3","222.3","1.7","0.0","42.3"
"Brock Wright","DET","19.9","175.2","2.3","0.0","41.3"
"Noah Gray","KC","21.0","211.2","1.5","0.1","40.3"
"Luke Musgrave","GB","21.7","211.6","1.2","0.0","39.0"
"Jake Tonges","SF","19.1","200.0","1.5","0.1","38.5"
"Adam Trautman","DEN","19.4","194.0","1.5","0.0","37.9"
"Eli Raridon","NE","18.8","195.8","1.5","0.6","37.1"
"Davis Allen","LAR","16.9","157.3","1.9","0.0","35.4"
"Ben Sims","MIA","19.5","184.7","1.2","0.0","35.2"
"Marlin Klein","HOU","19.5","193.6","1.1","0.5","34.7"
"Elijah Higgins","ARI","22.0","196.1","0.8","0.6","34.5"
"John Bates","WAS","17.9","172.8","1.5","0.6","34.3"
"Jeremy Ruckert","NYJ","19.7","145.8","1.3","0.0","32.0"
"Mitchell Evans","CAR","15.0","139.1","1.5","0.1","30.2"
"Nate Boerkircher","JAC","14.9","155.3","1.3","0.5","29.6"
"Connor Heyward","LV","14.0","103.0","2.0","0.0","29.3"
"Nick Vannett","SEA","10.0","95.0","2.0","0.0","26.5"
"Drew Sample","CIN","15.1","123.1","1.1","0.1","26.2"
"Nate Adkins","DEN","11.9","88.8","1.8","0.0","25.8"
"Ben Sinnott","WAS","11.8","116.0","1.4","0.0","25.7"
"Cade Stover","HOU","15.2","128.1","0.9","0.1","25.5"
"Jackson Hawes","BUF","10.6","115.1","1.4","0.0","25.4"
"Zack Kuntz","DAL","12.0","128.0","1.0","0.0","24.8"
"Jack Endries","CIN","13.0","123.0","1.0","0.0","24.8"
"Luke Schoonmaker","DAL","13.2","121.6","0.9","0.0","24.4"
"Will Mallory","IND","11.0","126.0","1.0","0.0","24.1"
"Hayden Rucci","SF","12.0","118.0","1.0","0.0","23.8"
"Charlie Woerner","ATL","14.5","127.3","0.6","0.0","23.5"
"Grant Calcaterra","PHI","11.0","115.5","1.0","0.0","23.1"
"Foster Moreau","HOU","9.3","105.6","1.3","0.0","22.9"
"Teagan Quitoriano","ARI","12.0","109.0","1.0","0.0","22.9"
"Tanner Hudson","CIN","13.1","110.3","0.9","0.1","22.7"
"Tanner Conner","NYG","10.0","113.0","1.0","0.0","22.3"
"Mo Alie-Cox","IND","10.8","111.0","0.9","0.1","21.7"
"Thomas Fidone II","NYG","10.0","102.0","1.0","0.0","21.2"
"Jared Wiley","KC","11.0","96.0","1.0","0.0","21.1"
"Seydou Traore","MIA","9.0","88.0","1.0","0.0","19.3"
"Durham Smythe","BAL","9.8","94.1","0.7","0.1","18.7"
"Max Klare","LAR","7.5","82.6","0.7","0.0","16.1"
"Joe Royer","CLE","8.3","79.1","0.7","0.0","16.0"
"Justin Joly","DEN","8.0","71.4","0.7","0.0","15.0"
"Oscar Delp","NO","7.5","75.7","0.6","0.0","15.0"
"Devin Culp","TB","5.5","59.0","1.0","0.0","14.7"
"Tanner Koziol","JAC","7.0","73.3","0.6","0.0","14.6"
"Payne Durham","TB","7.2","70.7","0.6","0.1","14.4"
"Sam Roush","CHI","6.8","70.9","0.6","0.0","14.3"
"Tip Reiman","ARI","7.9","62.2","0.6","0.0","13.8"
"Josh Cuevas","BAL","5.7","66.4","0.6","0.0","13.3"
"Ian Thomas","LV","6.9","62.0","0.6","0.0","13.1"
"Hunter Long","JAC","5.0","44.5","1.0","0.0","13.0"
"Lucas Krull","DEN","6.0","44.5","0.5","0.0","10.5"
"Cole Turner","MIA","4.5","44.0","0.5","0.0","9.7"
"Luke Farrell","SF","4.2","40.7","0.3","0.0","7.9"
"Brevyn Spann-Ford","DAL","3.9","36.8","0.3","0.0","7.5"
"Ko Kieft","TB","3.7","36.1","0.3","0.0","7.2"
"CJ Dippre","NE","3.9","37.3","0.3","0.0","7.2"
"Tyler Conklin","DET","3.7","38.0","0.3","0.0","7.1"
"Eric Saubert","SEA","3.4","34.4","0.3","0.0","6.9"
"Drew Ogletree","IND","3.7","35.4","0.3","0.0","6.9"
"Johnny Mundt","PHI","3.5","35.4","0.2","0.0","6.5"
"Jack Stoll","CLE","3.6","30.3","0.2","0.0","5.7"
"Chris Manhertz","NYG","1.8","16.3","0.1","0.0","3.2"
"Quintin Morris","JAC","0.0","0.0","0.0","0.0","0.0"
"Jelani Woods","NYJ","0.0","0.0","0.0","0.0","0.0"
"Blake Whiteheart","CLE","0.0","0.0","0.0","0.0","0.0"
"Julian Hill","NE","0.0","0.0","0.0","0.0","0.0"
""
""